{
  "V14": 0.0685782827084798,
  "V4": 0.06813273135276225,
  "V12": 0.06629208289101268,
  "V10": 0.052558692457856125,
  "V11": 0.05148342244122066,
  "V3": 0.04581741136493226,
  "V17": 0.0281146525857365,
  "V16": 0.015846923362323455,
  "V7": 0.014088192122749357,
  "V9": 0.01183317946064558,
  "V1": 0.007375952662139985,
  "V2": 0.007235465648969448,
  "V18": 0.006278568856523978,
  "V8": 0.00614408102237563,
  "Amount": 0.005831772332401267,
  "V19": 0.005145326426519137,
  "V13": 0.004974735698559478,
  "V26": 0.004576826349604174,
  "V5": 0.004436574625041392,
  "V21": 0.00430203081205015,
  "V27": 0.0042441403692757085,
  "V24": 0.004217024371621348,
  "V22": 0.004140482686820511,
  "V20": 0.003995216955786028,
  "V28": 0.0036316904375917713,
  "V15": 0.0032769640212094164,
  "V6": 0.0031836567824849527,
  "V25": 0.0029705906962043285,
  "V23": 0.0028097799477383814
}